Time,Exchange,Symbol,Bid,Ask
16:37:00,Binance,BTC/USDT,"[25907.73, 16.84722]","[25907.74, 8.16039]"
16:37:00,Bitfinex,BTC/USDT,"[25899.0, 0.13736287]","[25900.0, 0.1192]"
16:37:00,Bitstamp,BTC/USDT,"[25901.0, 0.0144]","[25911.0, 0.23366829]"
16:37:00,OKX,BTC/USDT,"[25901.4, 0.56009766]","[25901.5, 0.30131139]"
16:38:00,Binance,BTC/USDT,"[25891.92, 2.65783]","[25891.93, 17.09659]"
16:38:00,Bitfinex,BTC/USDT,"[25901.0, 0.01298245]","[25904.0, 0.1195704]"
16:38:00,Bitstamp,BTC/USDT,"[25897.0, 0.62449947]","[25898.0, 0.00143532]"
16:38:00,Kraken,BTC/USDT,"[25898.7, 0.028, 1693582655]","[25898.8, 0.246, 1693582710]"
16:38:00,OKX,BTC/USDT,"[25894.2, 1.52639861]","[25894.3, 0.60958637]"
16:39:00,Binance,BTC/USDT,"[25897.47, 11.12809]","[25897.48, 7.40175]"
16:39:00,Bitfinex,BTC/USDT,"[25890.0, 0.15806057]","[25891.0, 0.0005794]"
16:39:00,Bitstamp,BTC/USDT,"[25888.0, 0.21940282]","[25896.0, 0.15935935]"
16:39:00,Kraken,BTC/USDT,"[25893.8, 0.016, 1693582770]","[25895.0, 0.918, 1693582770]"
16:39:00,OKX,BTC/USDT,"[25893.9, 0.58349914]","[25894.0, 1.3960121]"
16:40:00,Bitfinex,BTC/USDT,"[25887.0, 0.1192]","[25894.0, 0.29316057]"
16:40:00,Bitstamp,BTC/USDT,"[25884.0, 0.0144]","[25889.0, 0.15940381]"
16:40:00,Kraken,BTC/USDT,"[25894.9, 0.394, 1693582831]","[25895.0, 0.304, 1693582819]"
16:40:00,OKX,BTC/USDT,"[25896.0, 0.00192904]","[25896.1, 4.43201841]"
16:41:00,Binance,BTC/USDT,"[25877.88, 1.2198]","[25877.89, 13.41748]"
16:41:00,Bitfinex,BTC/USDT,"[25868.0, 0.31264357]","[25874.0, 0.01]"
16:41:00,Bitstamp,BTC/USDT,"[25873.0, 0.00379726]","[25874.0, 0.15950034]"
16:41:00,Kraken,BTC/USDT,"[25878.2, 0.001, 1693582890]","[25879.5, 0.194, 1693582890]"
16:41:00,OKX,BTC/USDT,"[25876.0, 1.35566748]","[25876.1, 0.94625824]"
16:42:00,Binance,BTC/USDT,"[25873.68, 0.9705]","[25873.69, 15.81111]"
16:42:00,Bitfinex,BTC/USDT,"[25876.0, 0.1192]","[25881.0, 0.21776396]"
16:42:00,Bitstamp,BTC/USDT,"[25882.0, 0.00061673]","[25883.0, 0.21944458]"
16:42:00,Kraken,BTC/USDT,"[25877.5, 0.077, 1693582949]","[25878.2, 0.001, 1693582945]"
16:42:00,OKX,BTC/USDT,"[25870.2, 0.50986357]","[25870.3, 2.49848193]"
16:43:00,Binance,BTC/USDT,"[25867.0, 4.90026]","[25867.01, 12.87875]"
16:43:00,Bitfinex,BTC/USDT,"[25865.0, 0.155596]","[25870.0, 0.01]"
16:43:00,Bitstamp,BTC/USDT,"[25861.0, 1.3623627]","[25869.0, 0.17392849]"
16:43:00,Kraken,BTC/USDT,"[25865.3, 0.001, 1693583006]","[25866.4, 0.726, 1693583006]"
16:43:00,OKX,BTC/USDT,"[25865.4, 0.00119406]","[25865.5, 4.76936781]"
16:44:00,Bitfinex,BTC/USDT,"[25865.0, 0.06949562]","[25869.0, 0.1292]"
16:44:00,Bitstamp,BTC/USDT,"[25868.0, 0.02601932]","[25869.0, 0.17392938]"
16:44:00,Kraken,BTC/USDT,"[25870.4, 0.052, 1693583062]","[25871.4, 0.194, 1693583063]"
16:44:00,OKX,BTC/USDT,"[25875.4, 1.53805946]","[25875.5, 0.76182984]"
16:45:00,Binance,BTC/USDT,"[25860.06, 2.46269]","[25860.07, 12.74842]"
16:45:00,Bitfinex,BTC/USDT,"[25868.0, 0.154574]","[25871.0, 0.01]"
16:45:00,Bitstamp,BTC/USDT,"[25866.0, 1.13894742]","[25867.0, 0.10023443]"
16:45:00,Kraken,BTC/USDT,"[25859.5, 0.001, 1693583131]","[25862.4, 0.726, 1693583127]"
16:45:00,OKX,BTC/USDT,"[25856.0, 0.98576821]","[25856.1, 0.77367662]"
16:46:00,Binance,BTC/USDT,"[25842.47, 3.35315]","[25842.48, 16.71018]"
16:46:00,Bitfinex,BTC/USDT,"[25849.0, 0.001]","[25852.0, 0.01]"
16:46:00,Bitstamp,BTC/USDT,"[25845.0, 0.0144]","[25852.0, 0.17403394]"
16:46:00,Kraken,BTC/USDT,"[25855.7, 0.104, 1693583186]","[25856.5, 0.194, 1693583186]"
16:46:00,OKX,BTC/USDT,"[25838.1, 6.72818068]","[25838.2, 0.00189179]"
16:47:00,Binance,BTC/USDT,"[25833.49, 15.84226]","[25833.5, 1.24422]"
16:47:00,Bitfinex,BTC/USDT,"[25838.0, 0.001]","[25840.0, 0.01]"
16:47:00,Bitstamp,BTC/USDT,"[25833.0, 3.24286291]","[25843.0, 0.18848721]"
16:47:00,Kraken,BTC/USDT,"[25834.9, 0.028, 1693583254]","[25836.3, 0.194, 1693583255]"
16:47:00,OKX,BTC/USDT,"[25832.9, 0.03804307]","[25833.0, 1.51515818]"
16:48:00,Binance,BTC/USDT,"[25837.74, 9.39742]","[25837.75, 13.97524]"
16:48:00,Bitfinex,BTC/USDT,"[25832.0, 0.1199]","[25838.0, 0.196]"
16:48:00,Bitstamp,BTC/USDT,"[25827.0, 0.04263984]","[25831.0, 11.33591806]"
16:48:00,Kraken,BTC/USDT,"[25836.4, 0.454, 1693583313]","[25836.5, 0.194, 1693583307]"
16:48:00,OKX,BTC/USDT,"[25835.0, 0.13054665]","[25835.1, 1.83060416]"
16:49:00,Binance,BTC/USDT,"[25830.01, 12.44829]","[25830.02, 9.16709]"
16:49:00,Bitfinex,BTC/USDT,"[25833.0, 0.01]","[25838.0, 0.1969]"
16:49:00,Bitstamp,BTC/USDT,"[25830.0, 3.21945358]","[25831.0, 0.02845616]"
16:49:00,Kraken,BTC/USDT,"[25839.9, 0.042, 1693583367]","[25841.2, 0.001, 1693583372]"
16:49:00,OKX,BTC/USDT,"[25827.9, 2.45518322]","[25828.0, 0.18706094]"
16:50:00,Binance,BTC/USDT,"[25817.28, 9.92377]","[25817.29, 16.5329]"
16:50:00,Bitfinex,BTC/USDT,"[25825.0, 0.1209]","[25828.0, 0.17876874]"
16:50:00,Bitstamp,BTC/USDT,"[25823.0, 0.17420487]","[25831.0, 0.17416371]"
16:50:00,Kraken,BTC/USDT,"[25820.9, 0.1, 1693583433]","[25822.2, 0.727, 1693583432]"
16:50:00,OKX,BTC/USDT,"[25814.0, 1.31504458]","[25814.1, 0.9366691]"
16:51:00,Binance,BTC/USDT,"[25830.68, 12.17633]","[25830.69, 5.32341]"
16:51:00,Bitfinex,BTC/USDT,"[25818.0, 0.2199]","[25822.0, 0.1199]"
16:51:00,Bitstamp,BTC/USDT,"[25818.0, 0.18863748]","[25828.0, 0.17418235]"
16:51:00,Kraken,BTC/USDT,"[25829.3, 0.052, 1693583495]","[25830.6, 0.194, 1693583493]"
16:51:00,OKX,BTC/USDT,"[25831.5, 0.35191189]","[25831.6, 3.19841695]"
16:52:00,Binance,BTC/USDT,"[25838.43, 6.40744]","[25838.44, 10.28935]"
16:52:00,Bitfinex,BTC/USDT,"[25828.0, 0.15010803]","[25832.0, 0.182]"
16:52:00,Bitstamp,BTC/USDT,"[25828.0, 3.37560428]","[25829.0, 0.0012015]"
16:52:00,Kraken,BTC/USDT,"[25823.8, 0.094, 1693583552]","[25824.9, 0.727, 1693583552]"
16:52:00,OKX,BTC/USDT,"[25837.9, 0.0347311]","[25838.0, 3.06577348]"
16:53:00,Binance,BTC/USDT,"[25847.73, 5.6604]","[25847.74, 17.56698]"
16:53:00,Bitfinex,BTC/USDT,"[25846.0, 0.26876057]","[25847.0, 0.00058037]"
16:53:00,Bitstamp,BTC/USDT,"[25850.0, 0.15962785]","[25857.0, 0.0144]"
16:53:00,Kraken,BTC/USDT,"[25851.6, 0.05, 1693583613]","[25853.6, 0.029, 1693583613]"
16:53:00,OKX,BTC/USDT,"[25844.5, 1.80408313]","[25844.6, 0.94195604]"
16:54:00,Binance,BTC/USDT,"[25851.13, 25.58737]","[25851.14, 0.0185]"
16:54:00,Bitfinex,BTC/USDT,"[25842.0, 0.00058037]","[25843.0, 0.33994509]"
16:54:00,Bitstamp,BTC/USDT,"[25834.0, 3.12285359]","[25840.0, 0.15969624]"
16:54:00,Kraken,BTC/USDT,"[25841.6, 0.046, 1693583669]","[25844.9, 0.052, 1693583675]"
16:54:00,OKX,BTC/USDT,"[25853.2, 0.03424614]","[25853.3, 2.94353058]"
16:55:00,Binance,BTC/USDT,"[25863.34, 6.25293]","[25863.35, 13.60948]"
16:55:00,Bitfinex,BTC/USDT,"[25863.0, 0.11]","[25864.0, 0.0011]"
16:55:00,Bitstamp,BTC/USDT,"[25866.0, 3.12618508]","[25875.0, 0.17388134]"
16:55:00,Kraken,BTC/USDT,"[25860.7, 0.094, 1693583739]","[25863.6, 1.034, 1693583739]"
16:55:00,OKX,BTC/USDT,"[25858.5, 0.30319607]","[25858.6, 2.99635002]"
16:56:00,Binance,BTC/USDT,"[25846.84, 6.67541]","[25846.85, 10.92255]"
16:56:00,Bitfinex,BTC/USDT,"[25856.0, 0.03157906]","[25858.0, 0.1864]"
16:56:00,Bitstamp,BTC/USDT,"[25863.0, 0.01923513]","[25864.0, 0.25193863]"
16:56:00,Kraken,BTC/USDT,"[25848.3, 0.052, 1693583799]","[25851.1, 0.726, 1693583796]"
16:56:00,OKX,BTC/USDT,"[25841.9, 5.16601899]","[25842.0, 0.15518384]"
16:57:00,Binance,BTC/USDT,"[25837.53, 0.11839]","[25837.54, 16.07584]"
16:57:00,Bitfinex,BTC/USDT,"[25842.0, 0.01605737]","[25843.0, 0.33327773]"
16:57:00,Bitstamp,BTC/USDT,"[25852.0, 0.00803877]","[25853.0, 0.13116268]"
16:57:00,Kraken,BTC/USDT,"[25839.3, 0.05, 1693583860]","[25841.4, 0.726, 1693583860]"
16:57:00,OKX,BTC/USDT,"[25832.1, 0.00117095]","[25832.2, 3.03815734]"
16:58:00,Binance,BTC/USDT,"[25814.75, 1.48181]","[25814.76, 10.5626]"
16:58:00,Bitfinex,BTC/USDT,"[25819.0, 0.001]","[25820.0, 0.34017072]"
16:58:00,Bitstamp,BTC/USDT,"[25816.0, 0.00772212]","[25817.0, 0.23282547]"
16:58:00,Kraken,BTC/USDT,"[25815.4, 0.282, 1693583920]","[25817.8, 0.727, 1693583917]"
16:58:00,OKX,BTC/USDT,"[25814.7, 1.44602095]","[25814.8, 0.87467467]"
16:59:00,Binance,BTC/USDT,"[25811.0, 4.3075]","[25811.01, 25.83652]"
16:59:00,Bitfinex,BTC/USDT,"[25809.0, 0.06149562]","[25814.0, 0.1199]"
16:59:00,Bitstamp,BTC/USDT,"[25813.0, 0.05967714]","[25814.0, 0.01089222]"
16:59:00,Kraken,BTC/USDT,"[25812.1, 0.309, 1693583973]","[25812.5, 0.016, 1693583980]"
16:59:00,OKX,BTC/USDT,"[25810.4, 0.30130953]","[25810.5, 4.30195542]"
17:00:00,Binance,BTC/USDT,"[25819.99, 12.68308]","[25820.0, 11.17783]"
17:00:00,Bitfinex,BTC/USDT,"[25799.0, 0.1]","[25804.0, 0.1929]"
17:00:00,Bitstamp,BTC/USDT,"[25809.0, 0.0075761]","[25810.0, 0.01023338]"
17:00:00,Kraken,BTC/USDT,"[25817.1, 0.188, 1693584040]","[25818.8, 0.727, 1693584040]"
17:00:00,OKX,BTC/USDT,"[25817.9, 1.73636613]","[25818.0, 1.36781207]"
17:01:00,Binance,BTC/USDT,"[25786.48, 13.16582]","[25786.49, 4.86814]"
17:01:00,Bitfinex,BTC/USDT,"[25811.0, 0.04886057]","[25814.0, 0.32034217]"
17:01:00,Bitstamp,BTC/USDT,"[25805.0, 2.0036604]","[25813.0, 0.23427151]"
17:01:00,Kraken,BTC/USDT,"[25792.4, 0.05, 1693584100]","[25795.4, 0.728, 1693584098]"
17:01:00,OKX,BTC/USDT,"[25785.8, 1.85190279]","[25785.9, 0.19537888]"
17:02:00,Binance,BTC/USDT,"[25779.98, 0.00049]","[25780.01, 1.11397]"
17:02:00,Bitfinex,BTC/USDT,"[25784.0, 0.001]","[25786.0, 0.01]"
17:02:00,Bitstamp,BTC/USDT,"[25785.0, 0.0144]","[25793.0, 0.15999393]"
17:02:00,Kraken,BTC/USDT,"[25783.3, 0.309, 1693584156]","[25784.7, 0.728, 1693584157]"
17:02:00,OKX,BTC/USDT,"[25779.8, 1.54896199]","[25779.9, 0.68750124]"
17:03:00,Binance,BTC/USDT,"[25769.89, 4.10773]","[25769.9, 17.25223]"
17:03:00,Bitfinex,BTC/USDT,"[25783.0, 0.0005817]","[25784.0, 0.86372062]"
17:03:00,Bitstamp,BTC/USDT,"[25785.0, 0.02920446]","[25786.0, 19.58689854]"
17:03:00,Kraken,BTC/USDT,"[25772.1, 0.304, 1693584218]","[25772.2, 0.831, 1693584220]"
17:03:00,OKX,BTC/USDT,"[25768.5, 0.00117356]","[25768.6, 4.49129235]"
17:04:00,Binance,BTC/USDT,"[25807.01, 17.7272]","[25807.02, 2.06774]"
17:04:00,Bitfinex,BTC/USDT,"[25766.0, 0.001]","[25767.0, 0.17047636]"
17:04:00,Bitstamp,BTC/USDT,"[25756.0, 0.0144]","[25757.0, 0.14041336]"
17:04:00,Kraken,BTC/USDT,"[25813.3, 0.188, 1693584277]","[25817.4, 0.029, 1693584279]"
17:04:00,OKX,BTC/USDT,"[25808.8, 0.32236801]","[25808.9, 2.37524635]"
17:05:00,Binance,BTC/USDT,"[25800.0, 7.35629]","[25800.01, 18.09311]"
17:05:00,Bitfinex,BTC/USDT,"[25809.0, 0.30905903]","[25810.0, 0.0011]"
17:05:00,Bitstamp,BTC/USDT,"[25815.0, 0.30845527]","[25816.0, 0.13638645]"
17:05:00,Kraken,BTC/USDT,"[25809.3, 0.194, 1693584339]","[25811.7, 0.094, 1693584340]"
17:05:00,OKX,BTC/USDT,"[25797.3, 0.00117239]","[25797.4, 7.10837231]"
17:06:00,Binance,BTC/USDT,"[25811.93, 20.53112]","[25811.94, 0.28998]"
17:06:00,Bitfinex,BTC/USDT,"[25801.0, 0.20905903]","[25802.0, 0.00015479]"
17:06:00,Bitstamp,BTC/USDT,"[25805.0, 0.41725527]","[25815.0, 0.0144]"
17:06:00,Kraken,BTC/USDT,"[25814.6, 0.05, 1693584396]","[25817.0, 0.727, 1693584397]"
17:06:00,OKX,BTC/USDT,"[25810.1, 0.27589974]","[25810.2, 4.21280111]"
17:07:00,Binance,BTC/USDT,"[25795.17, 0.87689]","[25795.18, 21.83836]"
17:07:00,Bitfinex,BTC/USDT,"[25798.0, 0.00058135]","[25799.0, 0.1703]"
17:07:00,Bitstamp,BTC/USDT,"[25791.0, 1.14888891]","[25797.0, 0.0144]"
17:07:00,Kraken,BTC/USDT,"[25797.6, 0.188, 1693584458]","[25799.7, 0.728, 1693584459]"
17:07:00,OKX,BTC/USDT,"[25792.8, 0.86764211]","[25792.9, 1.48638288]"
17:08:00,Binance,BTC/USDT,"[25782.66, 6.4145]","[25782.67, 11.494]"
17:08:00,Bitfinex,BTC/USDT,"[25794.0, 0.03934047]","[25798.0, 0.1928]"
17:08:00,Bitstamp,BTC/USDT,"[25785.0, 1.20242553]","[25789.0, 0.0288]"
17:08:00,Kraken,BTC/USDT,"[25792.1, 0.002, 1693584495]","[25792.2, 0.094, 1693584519]"
17:08:00,OKX,BTC/USDT,"[25781.9, 3.48153083]","[25782.0, 0.10741806]"
17:09:00,Binance,BTC/USDT,"[25760.85, 2.79718]","[25760.86, 13.02445]"
17:09:00,Bitfinex,BTC/USDT,"[25786.0, 0.001]","[25787.0, 0.73221369]"
17:09:00,Bitstamp,BTC/USDT,"[25770.0, 1.15323788]","[25771.0, 0.03310867]"
17:09:00,Kraken,BTC/USDT,"[25764.4, 0.052, 1693584584]","[25767.6, 0.728, 1693584585]"
17:09:00,OKX,BTC/USDT,"[25761.0, 1.1982564]","[25761.1, 0.63777247]"
17:10:00,Binance,BTC/USDT,"[25764.36, 13.66831]","[25764.37, 8.77482]"
17:10:00,Bitfinex,BTC/USDT,"[25773.0, 0.18107619]","[25774.0, 0.00058203]"
17:10:00,Bitstamp,BTC/USDT,"[25759.0, 1.09492122]","[25760.0, 0.01335585]"
17:10:00,Kraken,BTC/USDT,"[25754.9, 0.001, 1693584645]","[25756.3, 0.726, 1693584644]"
17:10:00,OKX,BTC/USDT,"[25765.9, 0.34756775]","[25766.0, 2.3050293]"
17:11:00,Binance,BTC/USDT,"[25780.64, 0.00659]","[25780.65, 1.1963]"
17:11:00,Bitfinex,BTC/USDT,"[25759.0, 0.03143496]","[25765.0, 0.2082]"
17:11:00,Bitstamp,BTC/USDT,"[25768.0, 0.17454893]","[25776.0, 0.17450826]"
17:11:00,Kraken,BTC/USDT,"[25775.1, 0.094, 1693584705]","[25777.4, 0.728, 1693584699]"
17:11:00,OKX,BTC/USDT,"[25778.4, 0.00331222]","[25778.5, 3.95448911]"
17:12:00,Binance,BTC/USDT,"[25781.93, 6.66791]","[25781.94, 13.76505]"
17:12:00,Bitfinex,BTC/USDT,"[25761.0, 0.18127619]","[25765.0, 0.1865]"
17:12:00,Bitstamp,BTC/USDT,"[25765.0, 0.0144]","[25771.0, 0.16013577]"
17:12:00,Kraken,BTC/USDT,"[25776.3, 0.052, 1693584765]","[25780.2, 0.052, 1693584765]"
17:12:00,OKX,BTC/USDT,"[25785.6, 0.30246006]","[25785.7, 3.08462694]"
17:13:00,Binance,BTC/USDT,"[25808.28, 0.72745]","[25808.29, 21.53523]"
17:13:00,Bitfinex,BTC/USDT,"[25790.0, 0.58800287]","[25791.0, 0.0011]"
17:13:00,Bitstamp,BTC/USDT,"[25799.0, 0.15995504]","[25809.0, 0.0288]"
17:13:00,Kraken,BTC/USDT,"[25799.9, 2.541, 1693584824]","[25800.0, 0.04, 1693584802]"
17:13:00,OKX,BTC/USDT,"[25808.1, 0.30117371]","[25808.2, 2.29640081]"
17:14:00,Binance,BTC/USDT,"[25805.0, 6.02751]","[25805.01, 19.83494]"
17:14:00,Bitfinex,BTC/USDT,"[25797.0, 0.07014278]","[25799.0, 0.1871]"
17:14:00,Bitstamp,BTC/USDT,"[25797.0, 2.58388927]","[25798.0, 0.20605812]"
17:14:00,Kraken,BTC/USDT,"[25799.9, 0.39, 1693584890]","[25800.0, 0.085, 1693584877]"
17:14:00,OKX,BTC/USDT,"[25806.5, 1.91969091]","[25806.6, 0.18207779]"
17:15:00,Binance,BTC/USDT,"[25803.49, 8.62289]","[25803.5, 11.01258]"
17:15:00,Bitfinex,BTC/USDT,"[25799.0, 0.15895903]","[25800.0, 0.00045828]"
17:15:00,Bitstamp,BTC/USDT,"[25808.0, 0.01200869]","[25813.0, 0.15987333]"
17:15:00,Kraken,BTC/USDT,"[25801.9, 0.094, 1693584950]","[25803.3, 0.727, 1693584942]"
17:15:00,OKX,BTC/USDT,"[25805.1, 1.29425976]","[25805.2, 0.39693525]"
17:16:00,Binance,BTC/USDT,"[25789.43, 14.37921]","[25789.44, 10.9847]"
17:16:00,Bitfinex,BTC/USDT,"[25796.0, 0.049836]","[25797.0, 0.1403]"
17:16:00,Bitstamp,BTC/USDT,"[25775.0, 0.0144]","[25781.0, 0.16007675]"
17:16:00,Kraken,BTC/USDT,"[25788.3, 0.094, 1693585010]","[25789.0, 0.728, 1693585010]"
17:16:00,OKX,BTC/USDT,"[25788.9, 3.13726432]","[25789.0, 0.62654124]"
17:17:00,Binance,BTC/USDT,"[25789.77, 20.57591]","[25789.78, 4.10714]"
17:17:00,Bitfinex,BTC/USDT,"[25780.0, 0.8381707]","[25783.0, 0.1203]"
17:17:00,Bitstamp,BTC/USDT,"[25770.0, 3.958905]","[25772.0, 0.00335063]"
17:17:00,Kraken,BTC/USDT,"[25776.5, 0.001, 1693585071]","[25779.6, 0.78, 1693585070]"
17:17:00,OKX,BTC/USDT,"[25792.1, 0.05872367]","[25792.2, 1.52522283]"
17:18:00,Binance,BTC/USDT,"[25806.33, 12.58724]","[25806.34, 9.97408]"
17:18:00,Bitfinex,BTC/USDT,"[25788.0, 0.89202994]","[25789.0, 0.00058168]"
17:18:00,Bitstamp,BTC/USDT,"[25792.0, 4.28296749]","[25793.0, 0.00069601]"
17:18:00,Kraken,BTC/USDT,"[25789.5, 0.194, 1693585120]","[25792.0, 0.728, 1693585128]"
17:18:00,OKX,BTC/USDT,"[25807.7, 2.02151002]","[25807.8, 0.59707275]"
17:19:00,Binance,BTC/USDT,"[25815.6, 12.53791]","[25815.61, 7.82954]"
17:19:00,Bitfinex,BTC/USDT,"[25796.0, 1.0203]","[25803.0, 0.3023]"
17:19:00,Bitstamp,BTC/USDT,"[25797.0, 0.0288]","[25806.0, 0.21992381]"
17:20:00,Binance,BTC/USDT,"[25801.67, 6.67]","[25801.68, 24.39716]"
17:20:00,Bitfinex,BTC/USDT,"[25804.0, 0.04996288]","[25807.0, 0.31478097]"
17:20:00,Kraken,BTC/USDT,"[25809.5, 0.194, 1693585191]","[25811.2, 0.727, 1693585191]"
17:20:00,OKX,BTC/USDT,"[25815.9, 3.39239469]","[25816.0, 0.11735162]"
17:21:00,Binance,BTC/USDT,"[25804.79, 7.63503]","[25804.8, 14.36669]"
17:21:00,Bitfinex,BTC/USDT,"[25804.0, 0.06545888]","[25809.0, 0.01]"
17:21:00,Bitstamp,BTC/USDT,"[25810.0, 0.00401685]","[25811.0, 9.77497917]"
17:21:00,Kraken,BTC/USDT,"[25801.0, 0.194, 1693585260]","[25801.6, 0.033, 1693585258]"
17:21:00,OKX,BTC/USDT,"[25803.9, 1.31794146]","[25804.0, 0.02]"
17:22:00,Binance,BTC/USDT,"[25800.0, 4.07226]","[25800.01, 10.78393]"
17:22:00,Bitfinex,BTC/USDT,"[25804.0, 0.00238428]","[25807.0, 0.0920428]"
17:22:00,Bitstamp,BTC/USDT,"[25801.0, 0.01471424]","[25804.0, 0.15995557]"
17:22:00,Kraken,BTC/USDT,"[25805.1, 0.503, 1693585319]","[25806.2, 0.727, 1693585320]"
17:22:00,OKX,BTC/USDT,"[25808.1, 0.74891294]","[25808.2, 0.36622567]"
17:23:00,Binance,BTC/USDT,"[25809.68, 16.54426]","[25809.69, 6.2088]"
17:23:00,Bitfinex,BTC/USDT,"[25802.0, 0.04925973]","[25804.0, 0.01]"
17:23:00,Bitstamp,BTC/USDT,"[25803.0, 0.00765329]","[25804.0, 0.15995103]"
17:23:00,Kraken,BTC/USDT,"[25798.9, 0.194, 1693585371]","[25799.8, 0.718, 1693585378]"
17:23:00,OKX,BTC/USDT,"[25799.2, 0.30274439]","[25799.3, 0.99706596]"
17:24:00,Binance,BTC/USDT,"[25826.88, 16.99318]","[25826.89, 1.43045]"
17:24:00,Bitfinex,BTC/USDT,"[25808.0, 0.27935903]","[25809.0, 0.00058122]"
17:24:00,Bitstamp,BTC/USDT,"[25817.0, 0.0144]","[25820.0, 0.15849686]"
17:24:00,Kraken,BTC/USDT,"[25804.8, 0.195, 1693585440]","[25804.9, 0.052, 1693585440]"
17:24:00,OKX,BTC/USDT,"[25806.1, 3.61991102]","[25806.2, 0.11053176]"
17:25:00,Bitfinex,BTC/USDT,"[25828.0, 0.16905903]","[25829.0, 0.0011]"
17:25:00,Bitstamp,BTC/USDT,"[25848.0, 0.06]","[25859.0, 0.18840393]"
17:25:00,Kraken,BTC/USDT,"[25826.1, 0.146, 1693585500]","[25826.2, 0.388, 1693585488]"
17:25:00,OKX,BTC/USDT,"[25833.0, 0.01362529]","[25833.1, 1.0368112]"
17:26:00,Binance,BTC/USDT,"[25860.0, 4.17405]","[25860.01, 11.5119]"
17:26:00,Bitfinex,BTC/USDT,"[25850.0, 0.83623365]","[25851.0, 0.35610241]"
17:26:00,Bitstamp,BTC/USDT,"[25848.0, 0.01329582]","[25855.0, 0.17403357]"
17:26:00,Kraken,BTC/USDT,"[25856.2, 0.05, 1693585560]","[25860.0, 0.081, 1693585560]"
17:26:00,OKX,BTC/USDT,"[25857.7, 2.6372151]","[25857.8, 0.00132638]"
17:27:00,Binance,BTC/USDT,"[25871.8, 8.74344]","[25871.81, 0.74985]"
17:27:00,Bitfinex,BTC/USDT,"[25879.0, 1.06905903]","[25880.0, 0.00104]"
17:27:00,Bitstamp,BTC/USDT,"[25900.0, 0.01118467]","[25903.0, 0.17373766]"
17:27:00,Kraken,BTC/USDT,"[25869.4, 0.052, 1693585620]","[25871.4, 0.726, 1693585620]"
17:27:00,OKX,BTC/USDT,"[25872.6, 3.15737879]","[25872.7, 0.34361441]"
17:28:00,Binance,BTC/USDT,"[25907.08, 16.13966]","[25907.09, 3.37158]"
17:28:00,Bitfinex,BTC/USDT,"[25907.0, 0.9]","[25916.0, 0.1591]"
17:28:00,Bitstamp,BTC/USDT,"[25890.0, 0.0144]","[25896.0, 0.21937896]"
17:28:00,Kraken,BTC/USDT,"[25894.9, 4.796, 1693585680]","[25895.0, 0.304, 1693585668]"
17:28:00,OKX,BTC/USDT,"[25916.3, 0.35358276]","[25916.4, 2.13608773]"
17:29:00,Binance,BTC/USDT,"[25914.73, 17.18285]","[25914.74, 3.2426]"
17:29:00,Bitfinex,BTC/USDT,"[25912.0, 0.04875903]","[25919.0, 0.1829]"
17:29:00,Bitstamp,BTC/USDT,"[25904.0, 0.01538668]","[25905.0, 0.15932569]"
17:29:00,Kraken,BTC/USDT,"[25911.8, 0.039, 1693585739]","[25912.8, 0.001, 1693585739]"
17:29:00,OKX,BTC/USDT,"[25918.4, 1.73045002]","[25918.5, 0.30116847]"
17:30:00,Binance,BTC/USDT,"[25901.35, 0.17889]","[25901.36, 14.29094]"
17:30:00,Bitfinex,BTC/USDT,"[25905.0, 0.00057412]","[25911.0, 0.2062]"
17:30:00,Bitstamp,BTC/USDT,"[25911.0, 0.17368524]","[25921.0, 0.15922966]"
17:30:00,Kraken,BTC/USDT,"[25899.2, 0.001, 1693585795]","[25900.6, 0.725, 1693585796]"
17:30:00,OKX,BTC/USDT,"[25909.3, 1.62994401]","[25909.4, 0.00351357]"
17:31:00,Binance,BTC/USDT,"[25929.45, 0.18994]","[25929.46, 8.38675]"
17:31:00,Bitfinex,BTC/USDT,"[25902.0, 0.13784912]","[25905.0, 0.1589]"
17:31:00,Bitstamp,BTC/USDT,"[25899.0, 0.15936354]","[25907.0, 0.21931961]"
17:31:00,Kraken,BTC/USDT,"[25922.7, 1.098, 1693585860]","[25922.8, 0.007, 1693585857]"
17:31:00,OKX,BTC/USDT,"[25916.0, 2.23422747]","[25916.1, 0.00120627]"
17:32:00,Binance,BTC/USDT,"[25893.61, 1.14488]","[25893.62, 11.64743]"
17:32:00,Bitfinex,BTC/USDT,"[25895.0, 0.00057896]","[25900.0, 0.015442]"
17:32:00,Bitstamp,BTC/USDT,"[25912.0, 0.1154615]","[25913.0, 0.15928052]"
17:32:00,Kraken,BTC/USDT,"[25897.3, 0.001, 1693585914]","[25897.4, 0.869, 1693585920]"
17:32:00,OKX,BTC/USDT,"[25887.3, 0.7940182]","[25887.4, 1.65906768]"
17:33:00,Binance,BTC/USDT,"[25918.47, 2.83875]","[25918.48, 17.27067]"
17:33:00,Bitfinex,BTC/USDT,"[25916.0, 0.20805903]","[25917.0, 0.00015493]"
17:33:00,Bitstamp,BTC/USDT,"[25931.0, 0.0144]","[25942.0, 0.15910552]"
17:33:00,Kraken,BTC/USDT,"[25919.5, 0.05, 1693585980]","[25922.5, 0.029, 1693585979]"
17:33:00,OKX,BTC/USDT,"[25912.1, 0.00254448]","[25912.2, 1.84091396]"
17:34:00,Binance,BTC/USDT,"[25955.88, 11.27102]","[25955.89, 5.67518]"
17:34:00,Bitfinex,BTC/USDT,"[25944.0, 0.00057808]","[25945.0, 0.35703452]"
17:34:00,Bitstamp,BTC/USDT,"[25911.0, 0.0288]","[25925.0, 0.15920917]"
17:34:00,Kraken,BTC/USDT,"[25950.2, 0.05, 1693586045]","[25951.5, 0.189, 1693586045]"
17:34:00,OKX,BTC/USDT,"[25951.4, 0.27714451]","[25951.5, 1.63063324]"
17:35:00,Binance,BTC/USDT,"[25922.86, 0.47347]","[25922.87, 24.99997]"
17:35:00,Bitfinex,BTC/USDT,"[25916.0, 0.001]","[25917.0, 0.17419403]"
17:35:00,Bitstamp,BTC/USDT,"[25902.0, 0.17374351]","[25911.0, 0.15929154]"
17:35:00,Kraken,BTC/USDT,"[25920.1, 0.05, 1693586102]","[25921.7, 0.052, 1693586105]"
17:35:00,OKX,BTC/USDT,"[25920.6, 1.42589045]","[25920.7, 1.12679435]"
17:36:00,Binance,BTC/USDT,"[25908.37, 10.51214]","[25908.38, 7.05979]"
17:36:00,Bitfinex,BTC/USDT,"[25900.0, 0.82953804]","[25904.0, 0.1193]"
17:36:00,Bitstamp,BTC/USDT,"[25879.0, 1.24411807]","[25880.0, 0.00167755]"
17:36:00,Kraken,BTC/USDT,"[25906.7, 0.001, 1693586165]","[25907.4, 0.052, 1693586165]"
17:36:00,OKX,BTC/USDT,"[25906.9, 0.01044683]","[25907.0, 1.67689491]"
17:37:00,Binance,BTC/USDT,"[25881.54, 0.24453]","[25881.55, 17.31194]"
17:37:00,Bitstamp,BTC/USDT,"[25868.0, 0.0888]","[25880.0, 0.17388117]"
17:37:00,Kraken,BTC/USDT,"[25878.7, 0.001, 1693586225]","[25880.9, 0.725, 1693586223]"
17:37:00,OKX,BTC/USDT,"[25877.0, 0.24792826]","[25877.1, 1.3057301]"
17:38:00,Binance,BTC/USDT,"[25877.25, 3.0572]","[25877.26, 8.72116]"
17:38:00,Kraken,BTC/USDT,"[25875.9, 0.187, 1693586278]","[25876.7, 0.023, 1693586284]"
17:39:00,Binance,BTC/USDT,"[25885.65, 3.88643]","[25885.66, 14.25144]"